Workbook
Name _469b0b6087c74a14a2717502092ebfc1: #REF!
Name _469b0b6087c74a14a2717502092ebfc1: #REF!
Name _401b80f76430491e871060038c73f7c3: #REF!
Name _f662da42b20a40a28a58d15c4fb17702: #REF!
Name _20094fd3531b4d37b20ea6f6c3ed52a1: #REF!
Name _47bdee16c0c745ac9cc305a8d723a148: #REF!
Name _08466c9c81dc47d7a4177d58ee8924a6: #REF!
Name _1304e8c774be44f286877252c62a115e: #REF!
Name _62dbb88bd33c43c1aac62f84dfd3a4b7: #REF!
Name _f616a214aadf41aa8614395e1dcf5f59: #REF!
Name _765006d8d0c14805b2ba5ec9b9e074ab: #REF!
Name _c0338a0de61b404e98c8eac347f27595: #REF!
Name _5e3f733abfdc443da99e59db69f360bb: #REF!
Name _0c9c8cad842f4aec8f4c852d3e0ae6cd: #REF!
Name _b7d0f98602084d38b9e2fa4ec5927328: #REF!
Name _17c3c4441d0a40fd8d67074ba4146f0c: #REF!
Name _ae60aff26ce74b52afafcc7b652942fb: #REF!
Name _ae707e61bcbc4ceb882e11a042c9ac7b: #REF!
Name _469b0b6087c74a14a2717502092ebfc1: #REF!
Name _469b0b6087c74a14a2717502092ebfc1: 'Q1续费排名（4月~7月免检）'!#REF!
Name _469b0b6087c74a14a2717502092ebfc1: '2026年2月 免检名单及免检成绩 '!#REF!
Name _469b0b6087c74a14a2717502092ebfc1: 免检累计!#REF!
Name _469b0b6087c74a14a2717502092ebfc1: 老师维度结课续费率!#REF!

Sheet Q1续费排名（4月~7月免检）
F1: 说明： 免检：Q1续费率大于40%且排名在前10%，入职/返聘/返岗大于半年且Q1无违规记录； 分数线：S级分数线为82分，免检成绩除Q1期间老师月质检成绩最高分高于82分的取Q1最高月质检成绩作为免检成绩外，其余免检成绩均为82分。
J2: =B2 -> 0 | K2: - | L2: - | M2: - | N2: =_xlfn.IFNA(VLOOKUP(F2,违规汇总!C:C,1,0),"无") -> 无 | O2: 否 | P2: 常规 | Q2: - | R2: - | S2: =MAX(T2:V2) -> 0 | T2: - | U2: - | V2: -
F3: 老师基本信息及续费排名 | L3: 免检相关
A4: 入职时间 | B4: 老师学区 | C4: 老师团队 | D4: 老师小组 | E4: 归属 老师ID | F4: 归属 老师艺名 | G4: 结课 学员数 | H4: 续费 学员数 | I4: 结课 续费率 | J4: 学区 | K4: 整体排名 | L4: 4月高危 投诉成立 | M4: 4月退费 人数（>=3） | N4: Q1~4月 违规记录 | O4: 入职/返岗 未满半年 | P4: 5月~7月 免检资格 | Q4: 5月最终 免检结果 | R4: 免检成绩 | S4: Q1成绩 最高分 | T4: 1月 质检成绩 | U4: 2月 质检成绩 | V4: 3月 质检成绩 | W4: 备注
A5: 44328 | B5: 教学一区 | C5: 福气满满团队 | D5: 多财多亿组 | E5: 51061 | F5: 阿花 | G5: 17 | H5: 12 | I5: 0.70588235 | J5: 教学一区 | K5: 0.946 | L5: 无 | M5: 4 | N5: 无 | O5: 否 | P5: 5月~7月 免检资格 | Q5: 4月退费学员人数大于等于3，取消5月免检 | R5: 91 | S5: 91 | T5: 78 | U5: 91 | V5: 91 | W5: 排名前10%
A6: 43574 | B6: DEMO特战队 | C6: DEMO特战队 | D6: 脱颖而出组 | E6: 3003 | F6: 琳达 | G6: 2 | H6: 2 | I6: 1 | J6: DEMO特战队 | K6: 1 | L6: 无 | M6: 0 | N6: 无 | O6: 否 | P6: 5月~7月 免检资格 | Q6: 5月免检 | R6: 82 | S6: 79 | T6: 74 | U6: 70.5 | V6: 79 | W6: 排名前10%
A7: 44294 | B7: 教学一区 | C7: 福气满满团队 | D7: 多财多亿组 | E7: 26700 | F7: 姜汁 | G7: 11 | H7: 10 | I7: 0.90909091 | J7: 教学一区 | K7: 0.995 | L7: 无 | M7: 1 | N7: 无 | O7: 否 | P7: 5月~7月 免检资格 | Q7: 5月免检 | R7: 82 | S7: 82 | T7: 79 | U7: 79 | V7: 82 | W7: 排名前10%
A8: 44051 | B8: 教学一区 | C8: 节节高升团队 | D8: B组 | E8: 21949 | F8: 九三 | G8: 8 | H8: 7 | I8: 0.875 | J8: 教学一区 | K8: 0.991 | L8: 无 | M8: 1 | N8: 无 | O8: 否 | P8: 5月~7月 免检资格 | Q8: 5月免检 | R8: 82.5 | S8: 82.5 | T8: 79 | U8: 68 | V8: 82.5 | W8: 排名前10%
A9: 44912 | B9: 教学二区 | C9: MVP团队 | D9: 熠熠生辉组 | E9: 62362 | F9: 洛一 | G9: 18 | H9: 15 | I9: 0.83333333 | J9: 教学二区 | K9: 0.983 | L9: 无 | M9: 1 | N9: 无 | O9: 否 | P9: 5月~7月 免检资格 | Q9: 5月免检 | R9: 84 | S9: 84 | T9: 84 | U9: 81 | V9: 72 | W9: 排名前10%
A10: 43648 | B10: 教学三区 | C10: 朝气蓬勃团队 | D10: - | E10: 3182 | F10: 朝朝 | G10: 12 | H10: 10 | I10: 0.83333333 | J10: 教学三区 | K10: 0.983 | L10: 无 | M10: 1 | N10: 无 | O10: 否 | P10: 5月~7月 免检资格 | Q10: 5月免检 | R10: 82 | S10: 73 | T10: 73 | U10: 67 | V10: 70 | W10: 排名前10%
A11: 44867 | B11: 教学一区 | C11: 风雨同粥团队 | D11: 同心协力组 | E11: 25708 | F11: 魔仙 | G11: 5 | H11: 4 | I11: 0.8 | J11: 教学一区 | K11: 0.979 | L11: 无 | M11: 1 | N11: 无 | O11: 否 | P11: 5月~7月 免检资格 | Q11: 5月免检 | R11: 82.5 | S11: 82.5 | T11: 76.5 | U11: 80 | V11: 82.5 | W11: 排名前10%
A12: 45409 | B12: 教学三区 | C12: 朝气蓬勃团队 | D12: 日星月异组 | E12: 70297 | F12: 涂图 | G12: 9 | H12: 7 | I12: 0.77777778 | J12: 教学三区 | K12: 0.975 | L12: 无 | M12: 0 | N12: 无 | O12: 否 | P12: 5月~7月 免检资格 | Q12: 5月免检 | R12: 82 | S12: 64 | T12: 64 | U12: 60 | V12: 64 | W12: 排名前10%
A13: 44882 | B13: 教学一区 | C13: 风雨同粥团队 | D13: 同心协力组 | E13: 62180 | F13: 麦夏 | G13: 22 | H13: 17 | I13: 0.77272727 | J13: 教学一区 | K13: 0.971 | L13: 无 | M13: 0 | N13: 无 | O13: 否 | P13: 5月~7月 免检资格 | Q13: 5月免检 | R13: 84 | S13: 84 | T13: 84 | U13: 71 | V13: 73.5 | W13: 排名前10%
A14: 43277 | B14: DEMO特战队 | C14: DEMO特战队 | D14: 脱颖而出组 | E14: 1228 | F14: 天使 | G14: 4 | H14: 3 | I14: 0.75 | J14: DEMO特战队 | K14: 0.954 | L14: 无 | M14: 0 | N14: 无 | O14: 否 | P14: 5月~7月 免检资格 | Q14: 5月免检 | R14: 82 | S14: 82 | T14: 82 | U14: 65.5 | V14: 76 | W14: 排名前10%
A15: 44022 | B15: 教学三区 | C15: 朝气蓬勃团队 | D15: 喜笑颜开组 | E15: 21563 | F15: 豆米 | G15: 16 | H15: 12 | I15: 0.75 | J15: 教学三区 | K15: 0.954 | L15: 无 | M15: 1 | N15: 无 | O15: 否 | P15: 5月~7月 免检资格 | Q15: 5月免检 | R15: 89 | S15: 89 | T15: 84 | U15: 89 | V15: 80.5 | W15: 排名前10%
A16: 44120 | B16: 教学一区 | C16: 风雨同粥团队 | D16: 同心协力组 | E16: 23220 | F16: 波斯 | G16: 12 | H16: 9 | I16: 0.75 | J16: 教学一区 | K16: 0.954 | L16: 无 | M16: 0 | N16: 无 | O16: 否 | P16: 5月~7月 免检资格 | Q16: 5月免检 | R16: 89 | S16: 89 | T16: 78 | U16: 82 | V16: 89 | W16: 排名前10%
... A26: 44308 | B26: 教学三区 | C26: 朝气蓬勃团队 | D26: 生生不息组 | E26: 50526 | F26: 查查 | G26: 25 | H26: 17 | I26: 0.68 | J26: 教学三区 | K26: 0.913 | L26: 无 | M26: 1 | N26: 无 | O26: 否 | P26: 5月~7月 免检资格 | Q26: 5月免检 | R26: 85 | S26: 85 | T26: 85 | U26: 75.5 | V26: 67 | W26: 排名前10%

Sheet 免检累计
F1: 说明： 免检：Q4续费率大于40%且排名在前10%，入职/返聘/返岗大于半年且Q4无违规记录； 分数线：S级分数线为82分，免检成绩除Q4期间老师月质检成绩最高分高于82分的取Q4最高月质检成绩作为免检成绩外，其余免检成绩均为82分。
F2: 老师基本信息及续费排名 | L2: 免检相关
A3: 入职时间 | B3: 老师学区 | C3: 老师团队 | D3: 老师小组 | E3: 归属 老师ID | F3: 归属 老师艺名 | G3: 结课 学员数 | H3: 续费 学员数 | I3: 结课 续费率 | J3: 学区 | K3: 整体排名 | L3: 1月高危 投诉成立 | M3: 1月退费 人数（>=3） | N3: Q4~1月 违规记录 | O3: 入职/返岗 未满半年 | P3: 2月~4月 免检资格 | Q3: 2月最终 免检结果 | R3: 免检成绩 | S3: Q4成绩 最高分 | T3: 12月 质检成绩 | U3: 11月 质检成绩 | V3: 10月 质检成绩 | W3: 备注
A4: 43685 | B4: 教学三区 | C4: 云卷云舒团队 | D4: 狮来运转组 | E4: 4434 | F4: 沐橙 | G4: 7 | H4: 7 | I4: 1 | J4: 教学三区 | K4: 0.992 | L4: 无 | M4: 0 | N4: 无 | O4: 否 | P4: 2月~4月免检 | Q4: 2月免检 | R4: 82 | S4: - | T4: - | U4: - | V4: - | W4: 排名前10%
A5: 44371 | B5: 教学一区 | C5: 风雨同粥团队 | D5: 畅通无组 | E5: 51697 | F5: 牛奶糖 | G5: 4 | H5: 4 | I5: 1 | J5: 教学一区 | K5: 0.992 | L5: 无 | M5: 0 | N5: 无 | O5: 否 | P5: 2月~4月免检 | Q5: 2月免检 | R5: 82 | S5: - | T5: - | U5: - | V5: - | W5: 排名前10%
A6: 43569 | B6: DEMO特战队 | C6: DEMO特战队 | D6: 风华正茂组 | E6: 3005 | F6: 小呆 | G6: 2 | H6: 2 | I6: 1 | J6: DEMO特战队 | K6: 0.992 | L6: 无 | M6: 0 | N6: 无 | O6: 否 | P6: 2月~4月免检 | Q6: 2月免检 | R6: =S6 -> 84 | S6: 84 | T6: 84 | U6: - | V6: 73 | W6: 排名前10%
A7: 45381 | B7: 教学三区 | C7: 云卷云舒团队 | D7: 狮来运转组 | E7: 70021 | F7: 月见 | G7: 8 | H7: 7 | I7: 0.875 | J7: 教学三区 | K7: 0.988 | L7: 无 | M7: 2 | N7: 无 | O7: 否 | P7: 2月~4月免检 | Q7: 2月免检 | R7: =S7 -> 86 | S7: 86 | T7: 76 | U7: 78 | V7: 86 | W7: 排名前10%
A8: 44301 | B8: 教学一区 | C8: 福气满满团队 | D8: 多财多亿组 | E8: 50219 | F8: 智子 | G8: 11 | H8: 9 | I8: 0.81818182 | J8: 教学一区 | K8: 0.977 | L8: 无 | M8: 0 | N8: 无 | O8: 否 | P8: 2月~4月免检 | Q8: 2月免检 | R8: 82 | S8: 80 | T8: - | U8: 80 | V8: 79.5 | W8: 排名前10%
A9: 45437 | B9: 教学一区 | C9: 节节高升团队 | D9: 喜气洋洋组 | E9: 70552 | F9: 小斤 | G9: 11 | H9: 9 | I9: 0.81818182 | J9: 教学一区 | K9: 0.977 | L9: 无 | M9: 0 | N9: 无 | O9: 否 | P9: 2月~4月免检 | Q9: 2月免检 | R9: 82 | S9: 77 | T9: 67 | U9: 63 | V9: 77 | W9: 排名前10%
A10: 44287 | B10: 教学二区 | C10: 奥林匹克团队 | D10: 闪亮登场组 | E10: 26357 | F10: Angel | G10: 33 | H10: 27 | I10: 0.81818182 | J10: 教学二区 | K10: 0.977 | L10: 无 | M10: 1 | N10: 无 | O10: 否 | P10: 2月~4月免检 | Q10: 2月免检 | R10: =S10 -> 85 | S10: 85 | T10: 85 | U10: 85 | V10: 84 | W10: 排名前10%
A11: 44996 | B11: 教学一区 | C11: 风雨同粥团队 | D11: 同心协力组 | E11: 62763 | F11: 小落 | G11: 10 | H11: 8 | I11: 0.8 | J11: 教学一区 | K11: 0.973 | L11: 无 | M11: 0 | N11: 无 | O11: 否 | P11: 2月~4月免检 | Q11: 2月免检 | R11: =S11 -> 82 | S11: 82 | T11: 82 | U11: - | V11: 82 | W11: 排名前10%
A12: 43665 | B12: 教学三区 | C12: 云卷云舒团队 | D12: 世外桃圆组 | E12: 4086 | F12: Kelly | G12: 9 | H12: 7 | I12: 0.77777778 | J12: 教学三区 | K12: 0.969 | L12: 无 | M12: 0 | N12: 无 | O12: 否 | P12: 2月~4月免检 | Q12: 2月免检 | R12: =S12 -> 82 | S12: 82 | T12: 82 | U12: 82 | V12: 78 | W12: 排名前10%
A13: 44328 | B13: 教学一区 | C13: 福气满满团队 | D13: 多财多亿组 | E13: 51061 | F13: 阿花 | G13: 13 | H13: 10 | I13: 0.76923077 | J13: 教学一区 | K13: 0.965 | L13: 无 | M13: 2 | N13: 无 | O13: 否 | P13: 2月~4月免检 | Q13: 2月免检 | R13: =S13 -> 91 | S13: 91 | T13: 91 | U13: 87 | V13: 84 | W13: 排名前10%
A14: 43973 | B14: 教学二区 | C14: MVP团队 | D14: 奇思妙想组 | E14: 20945 | F14: 欧气 | G14: 4 | H14: 3 | I14: 0.75 | J14: 教学二区 | K14: 0.958 | L14: 无 | M14: 0 | N14: 无 | O14: 否 | P14: 2月~4月免检 | Q14: 2月免检 | R14: =S14 -> 82 | S14: 82 | T14: 82 | U14: - | V14: - | W14: 排名前10%
A15: 43628 | B15: DEMO特战队 | C15: DEMO特战队 | D15: 风华正茂组 | E15: 3492 | F15: 紫珊 | G15: 4 | H15: 3 | I15: 0.75 | J15: DEMO特战队 | K15: 0.958 | L15: 无 | M15: 0 | N15: 无 | O15: 否 | P15: 2月~4月免检 | Q15: 2月免检 | R15: =S15 -> 82 | S15: 82 | T15: 62 | U15: 67 | V15: 82 | W15: 排名前10%
A16: 43761 | B16: 教学三区 | C16: 云卷云舒团队 | D16: 狮来运转组 | E16: 3820 | F16: 贝儿 | G16: 19 | H16: 14 | I16: 0.73684211 | J16: 教学三区 | K16: 0.95 | L16: 无 | M16: 0 | N16: 无 | O16: 否 | P16: 2月~4月免检 | Q16: 2月免检 | R16: =S16 -> 82 | S16: 82 | T16: 82 | U16: 82 | V16: 74 | W16: 排名前10%
A17: 44827 | B17: 教学二区 | C17: 奥林匹克团队 | D17: 风雨无阻组 | E17: 22650 | F17: 符符 | G17: 19 | H17: 14 | I17: 0.73684211 | J17: 教学二区 | K17: 0.95 | L17: 无 | M17: 0 | N17: 无 | O17: 否 | P17: 2月~4月免检 | Q17: 2月免检 | R17: =S17 -> 83 | S17: 83 | T17: 69 | U17: 67 | V17: 83 | W17: 排名前10%
A18: 43746 | B18: 教学二区 | C18: MVP团队 | D18: 百事可爱组 | E18: 4991 | F18: King | G18: 14 | H18: 10 | I18: 0.71428571 | J18: 教学二区 | K18: 0.946 | L18: 无 | M18: 1 | N18: 无 | O18: 否 | P18: 2月~4月免检 | Q18: 2月免检 | R18: =S18 -> 82 | S18: 82 | T18: 77 | U18: 80 | V18: 82 | W18: 排名前10%
A19: 43939 | B19: 教学三区 | C19: 云卷云舒团队 | D19: 废寝忘食组 | E19: 20326 | F19: 秋丘 | G19: 24 | H19: 17 | I19: 0.70833333 | J19: 教学三区 | K19: 0.942 | L19: 无 | M19: 1 | N19: 无 | O19: 否 | P19: 2月~4月免检 | Q19: 2月免检 | R19: 82 | S19: 77 | T19: 77 | U19: 76 | V19: 74 | W19: 排名前10%
A20: 44147 | B20: 教学三区 | C20: 朝气蓬勃团队 | D20: 喜笑颜开组 | E20: 23664 | F20: 依唯 | G20: 13 | H20: 9 | I20: 0.69230769 | J20: 教学三区 | K20: 0.935 | L20: 无 | M20: 1 | N20: 无 | O20: 否 | P20: 2月~4月免检 | Q20: 2月免检 | R20: =S20 -> 93 | S20: 93 | T20: 93 | U20: 83 | V20: 85 | W20: 排名前10%
A21: 44174 | B21: 教学二区 | C21: MVP团队 | D21: 可爱多多组 | E21: 24674 | F21: 坨崽 | G21: 13 | H21: 9 | I21: 0.69230769 | J21: 教学二区 | K21: 0.935 | L21: 无 | M21: 2 | N21: 无 | O21: 否 | P21: 2月~4月免检 | Q21: 2月免检 | R21: =S21 -> 87 | S21: 87 | T21: 87 | U21: 74 | V21: 82 | W21: 排名前10%
A22: 44322 | B22: 教学二区 | C22: MVP团队 | D22: 熠熠生辉组 | E22: 50879 | F22: 周六 | G22: 16 | H22: 11 | I22: 0.6875 | J22: 教学二区 | K22: 0.931 | L22: 无 | M22: 2 | N22: 无 | O22: 否 | P22: 2月~4月免检 | Q22: 2月免检 | R22: 82 | S22: 78 | T22: 76 | U22: 75 | V22: 78 | W22: 排名前10%
A23: 43713 | B23: 教学三区 | C23: 朝气蓬勃团队 | D23: 日星月异组 | E23: 4612 | F23: 仙子 | G23: 24 | H23: 16 | I23: 0.66666667 | J23: 教学三区 | K23: 0.901 | L23: 无 | M23: 0 | N23: 无 | O23: 否 | P23: 2月~4月免检 | Q23: 2月免检 | R23: 82 | S23: 80 | T23: 75.5 | U23: 76 | V23: 80 | W23: 排名前10%
A24: 44371 | B24: 教学一区 | C24: 风雨同粥团队 | D24: 畅通无组 | E24: 51699 | F24: 南茜 | G24: 24 | H24: 16 | I24: 0.66666667 | J24: 教学一区 | K24: 0.901 | L24: 无 | M24: 1 | N24: 无 | O24: 否 | P24: 2月~4月免检 | Q24: 2月免检 | R24: =S24 -> 83 | S24: 83 | T24: 83 | U24: 82 | V24: 78 | W24: 排名前10%
A25: 44322 | B25: 教学一区 | C25: 福气满满团队 | D25: 多财多亿组 | E25: 50861 | F25: 辣辣子 | G25: 18 | H25: 12 | I25: 0.66666667 | J25: 教学一区 | K25: 0.901 | L25: 无 | M25: 2 | N25: 无 | O25: 否 | P25: 2月~4月免检 | Q25: 2月免检 | R25: =S25 -> 85 | S25: 85 | T25: 80.5 | U25: 85 | V25: 80 | W25: 排名前10%
A26: 43281 | B26: 教学一区 | C26: 节节高升团队 | D26: - | E26: 1077 | F26: 叶子 | G26: 3 | H26: 2 | I26: 0.66666667 | J26: 教学一区 | K26: 0.901 | L26: 无 | M26: 0 | N26: 无 | O26: 否 | P26: 2月~4月免检 | Q26: 2月免检 | R26: =S26 -> 84 | S26: 84 | T26: 84 | U26: 84 | V26: 74 | W26: 排名前10%
A27: 44301 | B27: 教学二区 | C27: MVP团队 | D27: 熠熠生辉组 | E27: 50277 | F27: 梓彤 | G27: 33 | H27: 22 | I27: 0.66666667 | J27: 教学二区 | K27: 0.901 | L27: 无 | M27: 1 | N27: 无 | O27: 否 | P27: 2月~4月免检 | Q27: 2月免检 | R27: =S27 -> 90 | S27: 90 | T27: 90 | U27: 90 | V27: 85 | W27: 排名前10%
A28: 44287 | B28: 教学二区 | C28: MVP团队 | D28: 熠熠生辉组 | E28: 26349 | F28: 钙片 | G28: 21 | H28: 14 | I28: 0.66666667 | J28: 教学二区 | K28: 0.901 | L28: 无 | M28: 0 | N28: 无 | O28: 否 | P28: 2月~4月免检 | Q28: 2月免检 | R28: =S28 -> 92 | S28: 92 | T28: 92 | U28: 83 | V28: 78 | W28: 排名前10%
A29: 44322 | B29: 教学二区 | C29: MVP团队 | D29: 奇思妙想组 | E29: 50889 | F29: 米啦 | G29: 24 | H29: 16 | I29: 0.66666667 | J29: 教学二区 | K29: 0.901 | L29: 无 | M29: 2 | N29: 无 | O29: 否 | P29: 2月~4月免检 | Q29: 2月免检 | R29: =S29 -> 88 | S29: 88 | T29: 69.5 | U29: 84 | V29: 88 | W29: 排名前10%
A30: 44981 | B30: DEMO特战队 | C30: DEMO特战队 | D30: 脱颖而出组 | E30: 62619 | F30: 秋原 | G30: 3 | H30: 2 | I30: 0.66666667 | J30: DEMO特战队 | K30: 0.901 | L30: 有 | M30: 0 | N30: 无 | O30: 否 | P30: 2月~4月免检 | Q30: 1月有高危投诉成立，取消2月免检 | R30: 82 | S30: 76 | T30: 68.5 | U30: 76 | V30: 67 | W30: 排名前10%

Sheet 2026年2月 免检名单及免检成绩 
A1: 说明： 免检：Q1续费率大于40%且排名在前10%，入职/返聘/返岗大于半年且Q3无违规记录； 分数线：S级分数线为82分，免检成绩除Q3期间老师月质检成绩最高分高于82分的取Q3最高月质检成绩作为免检成绩外，其余免检成绩均为82分。
A2: 归属 老师艺名 | B2: 结课 学员数 | C2: 续费 学员数 | D2: 结课 续费率 | E2: 学区 | F2: 整体排名 | G2: 1月高危 投诉成立 | H2: 1月退费 人数（>=3） | I2: Q4~1月 违规记录 | J2: 入职/返岗 未满半年 | K2: 2月~4月 免检资格 | L2: 2月最终 免检结果 | M2: 免检成绩 | N2: Q4成绩 最高分 | O2: 12月 质检成绩 | P2: 11月 质检成绩 | Q2: 10月 质检成绩 | R2: 备注

Sheet 违规汇总
A1: 序号 | B1: 姓名 | C1: 艺名 | D1: 工号 | E1: 教学大区 | F1: 部门 | G1: 岗位 | H1: 实际违规日期 | I1: 违规情况 | J1: 处罚等级 | K1: 处罚月份 | L1: 处罚措施 | M1: 扣罚金额 | N1: 提供人 | O1: 备注
A2: 1 | B2: 陈艾琳 | C2: 艾月 | D2: H0029574 | E2: 教学中心 | F2: C区 | G2: 美术老师 | H2: 46088 | I2: 未专注于课堂教学的行为 | J2: B | K2: 2026年3月 | L2: 扣除对应的课时酬金费用，当月课程评级为B级（三星）。 | M2: 当堂课酬 | N2: 金暖 | O2: 2026-03-07 18:30:00 《神奇种子：破壳新生》 在授课期间，老师出现打开其他网页浏览（小红书，钉钉，AI软件）和编辑文档的行为。在授课期间，老师存在非专注于课堂教学的行为。 具体时间点参考如下: 00:11:40~00:13:40、00:15:09~00:15:20、 00:17:41~00:20:29、00:49:24~00:55:01、 00:56:24~00:56:59、00:58:56~01:10:35、
A3: 2 | B3: 曹捷 | C3: 草子 | D3: H0021746 | E3: 教学中心 | F3: C区 | G3: 美术老师 | H3: 2026/2/11 | I3: 迟到 | J3: 专职迟到10min以内 | K3: 2026年3月 | L3: 当节课程需要按时上完并扣除30元的课时酬金费用。 | M3: 30 | N3: 教务 | O3: 2026/2/11 6:40:00 正式课 迟到7分钟，无报备，组长：草子老师自己睡过导致迟到‘；洛克：草子老师判为专职老师迟到10min以内
A4: 3 | B4: 马歆宇 | C4: 芸宝 | D4: H0019596 | E4: 教学中心 | F4: DEMO特战队 | G4: 美术老师 | H4: 46063 | I4: 未专注于课堂教学的行为 | J4: B | K4: 2026年3月 | L4: 当月绩效评级不变，扣除提成奖金500元/次，并记过一次。 | M4: 500 | N4: 金暖 | O4: 2026-02-10 19:50:00 《我的情绪小怪兽》DC 在视频时间00:39:57~00:40:54，老师出现视线向左侧看，同时嘴部频繁在动的动作，但没有听到老师讲解或点评的声音。在授课期间，老师存在非专注于课堂教学的行为。
A5: 4 | B5: 马歆宇 | C5: 芸宝 | D5: H0019596 | E5: 教学中心 | F5: DEMO特战队 | G5: 美术老师 | H5: 46096 | I5: 未专注于课堂教学的行为 | J5: B（12个月内第2次B，本处罚月份内第2次B） | K5: 2026年3月 | L5: 当月绩效评级不变，扣除提成奖金500元/次，并记过一次。 员工在12个月内记过达两次，转出4个班级，且3个月内禁排新班，不可上体验课 | M5: 500 | N5: 金暖 | O5: 2026-03-15 10:40:00 《我的情绪小怪兽》DC 在授课期间，老师出现遮挡嘴部或偏头向一侧， 同时嘴部频繁在动的动作，但没有听到老师讲解或点评的声音。在授课期间，老师存在非专注于课堂教学的行为。 具体时间点参考如下: 00:39:30~00:39:57、00:44:41~00:45:30、00:50:25~00:50:35、00:54:56~00:55:21、
A6: 5 | B6: 徐圆圆 | C6: Mollie | D6: H0019560 | E6: 教学中心 | F6: 教学二区 | G6: 美术老师 | H6: 2026/3/4 | I6: 迟到 | J6: B（12个月内第3次B，前2次时间2025年8月、2025年10月） | K6: 2026年3月 | L6: 当月绩效评级不变，并记过一次；且扣除 500元绩效奖金； 员工在12个月内记过达三次，则额外扣除500元奖金且转出4个班级，3个月内禁排新班，不可上体验课 | M6: 1000 | N6: 教务 | O6: 2026/3/4 23:50:00 正式课 迟到，组长：老师反馈说一直坐在电脑前等待上课，但由于电脑没有唤醒，时间没有更新，也没有拿手机，因此不知道时间。之前上课前都有电话提醒，昨天没有接到电话。直到接到教务老师的电话才知道上课了。已经特别提醒老师要自己关注时间；Tina老师：确认B级
A7: 6 | B7: 王雪莹 | C7: King | D7: H0120619 | E7: 教学中心 | F7: 教学二区 | G7: 美术老师 | H7: 2026/3/5 | I7: 迟到 | J7: A | K7: 2026年3月 | L7: 当月绩效评级不变，转出8个班级，半年内禁排新班，并记过一次，同时扣除当月1000元绩效奖金。 | M7: 1000 | N7: 教务 | O7: 2026/3/5 6:40:00 正式课 迟到近30分钟，无报备，组长：老师早上闹钟没响，导致睡过头，已经特别提醒老师要自己关注时间，多上几个闹钟；Tina：属实。A级违规
A8: 7 | B8: 胡睿楠 | C8: 瑞娜 | D8: H0015805 | E8: 教学中心 | F8: 教学三区 | G8: 美术老师 | H8: 46080 | I8: 迟到行为 | J8: B（12个月内第2次B，上次B类2025年7月） | K8: 2026年3月 | L8: 当月绩效评级不变，扣除提成奖金500元/次，并记过一次。 员工在12个月内记过达两次，转出4个班级，且3个月内禁排新班，不可上体验课 | M8: 500 | N8: 金暖 | O8: 2026-02-27 23:50:00 《采集美好风光》 课间休息屏幕倒计时已结束(视频时间 40：30)，上课铃开始响且页面显示为"上课啦"后(视频时间 40:53后)，老师才回到B摄为学员播放下一步骤视频。老师在播放完视频后出现持续停留在B摄无实际动作（讲解或示范）超7分钟（00:42:36~00:50:03）的情况。综上，老师未按质检标准要求在课间休息倒计时第7~10分钟内切换A摄，并召回学员与学员进行互动，出现迟到23秒和非专注于课堂教学的行为。
A9: 8 | B9: 黄侦贞 | C9: 蒸蒸 | D9: H0010397 | E9: 教学中心 | F9: 教学三区 | G9: 美术老师 | H9: 2026/3/20 | I9: 迟到 | J9: B（12个月内第2次B，上次B类2025年4月） | K9: 2026年3月 | L9: 当月绩效评级不变，扣除提成奖金500元/次，并记过一次。 员工在12个月内记过达两次，转出4个班级，且3个月内禁排新班，不可上体验课 | M9: 500 | N9: 教务 | O9: 2026/3/20 10:40:00 正式课 课前无报备，教务联系时无回应，启用值班后原老师才迟到登录，组长：蒸蒸老师反馈记错了上课时间，导致迟到。缦缦：情况属实确认B级
A10: 9 | B10: 杜雨璐 | C10: 雨橙子 | D10: H0020488 | E10: 教学中心 | F10: 教学一区 | G10: 美术老师 | H10: 46066 | I10: 迟到行为 | J10: C | K10: 2026年3月 | L10: 当月绩效评级不变，记C类处罚，警告一次，扣除200元绩效奖 | M10: 200 | N10: 金暖 | O10: 2026-02-13 16:40:00 《装备，升级！》 课间休息屏幕倒计时已结束(视频时间 42：18)，上课铃开始响且页面显示为"上课啦"后(视频时间 42:26后)，老师才切回到A摄画面回到课堂并开始召唤学员赶紧回到座位继续上课，而该动作按要求本应在倒计时第7~10分钟内完成。综上，老师未按质检标准要求在课间休息倒计时第7~10分钟内切换A摄，并召回学员与学员进行互动，出现迟到行为。
A11: 10 | B11: 陈艾琳 | C11: 艾月 | D11: H0029574 | E11: 教学中心 | F11: C区 | G11: 美术老师 | H11: 46088 | I11: 未专注于课堂教学的行为 | J11: 解除合作关系 | K11: 2026年3月 | L11: 半年内艾月（陈艾琳）老师在32堂课中均出现违规情况 ，故已与 陈艾琳（艾月）解除合作关系 | M11: 0 | N11: - | O11: 陈艾琳（艾月）老师在2026-02-07 至2026-03-22期间，共计出现32条授课违规案例， 授课期间做与授课无关的事情，包含但不限于：授课期间浏览其他页面、授课期间出现聊天框和他人聊天、授课期间用其他软件编辑求职信息、授课期间编辑文档、授课期间下载浏览器、授课期间刷小红书等，情节非常严重！
A12: 1 | B12: 王蕤林 | C12: 草莓派 | D12: H0019191 | E12: 教学中心 | F12: 教学一区 | G12: 美术老师 | H12: 46047 | I12: 未专注于课堂教学的行为 | J12: B | K12: 2026年2月 | L12: 当月绩效评级不变，扣除提成奖金500元/次，并记过一次。 | M12: 500 | N12: 金暖 | O12: 2026-01-25 08:00:00 《闪耀小马来啦-素材强化》 结合用户高危反馈内容，跟进课堂情况：老师停留在B摄无实际动作（无讲解或示范）累计停留时间超11分钟。在授课期间，老师存在未专注于课堂教学的行为。 具体时间参考如下： 00:26:04~00:29:00 00:55:50~00:58:28 01:03:00~01:04:13 01:06:40~01:09:50 01:10:35~01:11:50
A13: 2 | B13: 谭颖婕 | C13: 缘子 | D13: H0014595 | E13: 教学中心 | F13: C区 | G13: 美术老师 | H13: 2025/12/30 | I13: 课前联系不上 | J13: 专职迟到10min以内 | K13: 2026年2月 | L13: 当节课程需要按时上完并扣除30元的课时酬金费用。 | M13: 30 | N13: 教务 | O13: 2025/12/30 19:50:00 专题课 原老师课前联系不上，启用值班；组长：缘子老师因生病晕过去了，醒来时已经是迟到的时间，目前先让老师去医院检查，很抱歉带来了麻烦。洛克：缘子老师按照专职违规，判为：授课迟到 （10min 以内）
A14: 3 | B14: 杨秋烨 | C14: 秋叶 | D14: H0012000 | E14: 教学中心 | F14: 教学二区 | G14: 美术老师 | H14: 2026/2/25 | I14: 迟到 | J14: B | K14: 2026年2月 | L14: 当月绩效评级不变，扣除提成奖金500元/次，并记过一次。 | M14: 500 | N14: 教务 | O14: 2026/2/25 23:50:00 正式课 迟到，课前无报备，组长：老师回复电脑更新重启，与教务沟通在11.50，已经明确告知老师要求。
A15: 1 | B15: 彭晶晶 | C15: 豆蔻 | D15: H0014649 | E15: 教学中心 | F15: C区 | G15: 美术老师 | H15: 2026/1/18 | I15: 迟到 | J15: 专职迟到10min以内 | K15: 2026年1月 | L15: 当节课程需要按时上完并扣除30元的课时酬金费用。 | M15: 30 | N15: 教务 | O15: 2026/1/18 23:50:00 正式课 迟到，课前无报备，组长：麻烦教务老师了，老师确实因为自己的原因导致迟到，课前发现无线网用不了，就切换网络调整，调整的时候发现自己来不及报备，手机也没电了，进入时迟到7秒，已经告知老师后续注意！洛克：按照专职违规，判为：授课迟到 （10min 以内）
A16: 2 | B16: 周潇琳 | C16: 简夏 | D16: H0029392 | E16: 教学中心 | F16: C区 | G16: 美术老师 | H16: 2026/1/24 | I16: 课前联系不上 | J16: 专职旷课 | K16: 2026年1月 | L16: 旷课一次费用扣减200元。 | M16: 200 | N16: 教务 | O16: 2026/1/24 10:40:00 正式课 原老师课前联系不上，组长：简夏老师新接的班级看错成晚上的时间段班级，专职老师缺课；洛克老师：简夏老师判专职旷课
A17: 3 | B17: 童雅慧 | C17: 大慧慧 | D17: H0010157 | E17: 教学中心 | F17: 教学二区 | G17: 美术老师 | H17: 46029 | I17: 迟到行为 | J17: B | K17: 2026年1月 | L17: 当月绩效评级不变，扣除提成奖金500元/次，并记过一次。 | M17: 500 | N17: 金暖 | O17: 2026/1/7 8:00:00 《大步向前》 课间休息屏幕倒计时已结束(视频时间 40：40)，上课铃开始响且页面显示为"上课啦"后(视频时间 40:46后)，老师才切回到A摄画面回到课堂并开始召唤学员赶紧回到座位继续上课，而该动作按要求本应在倒计时第7~10分钟内完成。综上，老师未按质检标准要求在课间休息倒计时第7~10分钟内切换A摄，并召回学员与学员进行互动，出现迟到行为。
A18: 4 | B18: 金紫璇 | C18: 娃娃 | D18: H0011589 | E18: 教学中心 | F18: 教学二区 | G18: 美术老师 | H18: 2026/1/2 | I18: 迟到 | J18: B | K18: 2026年1月 | L18: 当月绩效评级不变，扣除提成奖金500元/次，并记过一次。 | M18: 500 | N18: 教务 | O18: 2026/1/2 10:40:00 正式课 迟到，9：20无课，课前无主动报备，
A19: 5 | B19: 左琦 | C19: 琦琦左 | D19: H0022356 | E19: 教学中心 | F19: 教学一区 | G19: 美术老师 | H19: 46044 | I19: 迟到行为 | J19: B（12个月内第2次B，上次B类2025年6月） | K19: 2026年1月 | L19: 当月绩效评级不变，扣除提成奖金500元/次，并记过一次。 员工在12个月内记过达两次，转出4个班级，且3个月内禁排新班，不可上体验课 | M19: 500 | N19: 金暖 | O19: 2026/1/22 15:20:00 《天空之色》 课间休息屏幕倒计时已结束(视频时间 41：09)，上课铃开始响且页面显示为"上课啦"后(视频时间 42:10后)，老师才切回到A摄画面回到课堂并开始召唤学员赶紧回到座位继续上课，而该动作按要求本应在倒计时第7~10分钟内完成。老师虽在回来时有告知学员自己迟到的原因，但视频可见老师在上课铃响后（视频时间42:06）才匆忙回到位置再转回A摄（在老师回来之前，B摄显示为静止画面）。综上，老师未按质检标准要求在课间休息倒计时第7~10分钟内切换A摄，并召回学员与学员进行互动，出现迟到一分钟的行为。
A20: 1 | B20: 范艺 | C20: Pennie | D20: H0024229 | E20: 教学中心 | F20: DEMO特战队 | G20: 美术老师 | H20: 46106 | I20: 未专注于课堂教学的行为 | J20: B（12个月内第3次B，前2次时间2025年8月、2025年11月） | K20: 2026年4月 | L20: 当月绩效评级不变，并记过一次；且扣除 500元绩效奖金； 员工在12个月内记过达三次，则额外扣除500元奖金且转出4个班级，3个月内禁排新班，不可上体验课 | M20: 1000 | N20: 金暖 | O20: 2026/3/25 22:30:00 《我的情绪小怪兽》DC老师停留在B摄无实际动作（无讲解或示范）累计停留时间超6分钟。在授课期间，老师存在未专注于课堂教学的行为。 具体时间参考如下： 00:51:32~00:55:12 00:55:20~00:58:24
A21: 2 | B21: 侯玉琼 | C21: 思喵 | D21: H0011250 | E21: 教学中心 | F21: 专职C区 | G21: 美术老师 | H21: 46110 | I21: 未专注于课堂教学的行为 | J21: B | K21: 2026年4月 | L21: 扣除对应的课时酬金费用50，当月课程评级为B级（三星）。 | M21: 50 | N21: 金暖 | O21: 2026-03-29 16:40:00 《春日回归-全维检核强化》结合用户（4409318）高危反馈内容，跟进课堂情况：在授课期间，老师多次出现偏头向下， 同时嘴部频繁在动的动作，但没有听到老师讲解或点评的声音。而且镜头前短暂出现他人的身影（视频时间01:07:22）。在授课期间，老师存在非专注于课堂教学的行为。 具体时间点参考如下: 01:00:40~01:01:05、01:01:25~01:02:35、01:02:56~01:03:35、01:03:49~01:07:12、
A22: 3 | B22: 胡睿楠 | C22: 瑞娜 | D22: H0015805 | E22: 教学中心 | F22: 教学三区 | G22: 美术老师 | H22: 46102 | I22: 迟到行为 | J22: B（12个月内第3次B，前2次时间2025年7月、2026年2月） | K22: 2026年4月 | L22: 当月绩效评级不变，并记过一次；且扣除 500元绩效奖金； 员工在12个月内记过达三次，则额外扣除500元奖金且转出4个班级，3个月内禁排新班，不可上体验课 | M22: 1000 | N22: 金暖 | O22: 2026-03-21 22:30:00 《静谧的森林》课间休息屏幕倒计时已结束(视频时间 40：25)，上课铃开始响且页面显示为"上课啦"后(视频时间 40:36后)，老师才切回到A摄画面回到课堂并开始召唤学员赶紧回到座位继续上课，而该动作按要求本应在倒计时第7~10分钟内完成。综上，老师未按质检标准要求在课间休息倒计时第7~10分钟内切换A摄，并召回学员与学员进行互动，出现迟到行为。
A23: 4 | B23: 杨秋烨 | C23: 秋叶 | D23: H0012000 | E23: 教学中心 | F23: 教学二区 | G23: 美术老师 | H23: 46127 | I23: 造假行为 | J23: B（12个月内第2次B，上次B类2026年2月） | K23: 2026年4月 | L23: 当月绩效评级不变，扣除提成奖金500元/次，并记过一次。 员工在12个月内记过达两次，转出4个班级，且3个月内禁排新班，不可上体验课 | M23: 500 | N23: 金暖 | O23: 教研范画造假 关于秋叶老师备课解析范画提交非手绘事件说明 一、教研及师训： 判定结论：老师范画非手绘 原因： ①两张作品高度重合，连胡须，细节都保持一模一样 ②第一张眼睛绿色有虹膜光影的手绘质感，第二张的蓝色眼睛质感偏平，无厚度反光质感，像贴图/滤镜质感 ③若是老师真实手绘，老师无法擦除猎豹本身，体现不了画面笔触等真实质感，无法证明。 二、老师本人： 反馈结论：作品为自己手绘 原因：秋叶老师保留了画作，且回家手持范画录制了一个视频，非直接截图，组长与老师再三核对老师确认说是自己画的 三、教学组长及经理： 判定结论：判定范画造假 原因：老师画作几乎和原图一致，细节相似度极高，且要求擦拭证明主体物本身有无笔触，老师说擦不掉，无法证明手绘的真实性 综上:秋叶老师没有实质性证据证明提交作品为真实手绘，并且教学+师训+教研均不认可老师称述的手绘原因，应以范画造假处理
A24: 5 | B24: 朱宇杰 | C24: 无忧 | D24: H0010744 | E24: 教学中心 | F24: 教学二区 | G24: 美术老师 | H24: 46103 | I24: 迟到行为 | J24: B（12个月内第2次B，上次B类2025年12月） | K24: 2026年4月 | L24: 当月绩效评级不变，扣除提成奖金500元/次，并记过一次。 员工在12个月内记过达两次，转出4个班级，且3个月内禁排新班，不可上体验课 | M24: 500 | N24: 金暖 | O24: 2026-03-22 10:40:00 《静谧的森林》课间休息屏幕倒计时已结束(视频时间 41：36)，上课铃开始响且页面显示为"上课啦"后(视频时间 41:39后)，老师才切回到A摄画面回到课堂并开始召唤学员赶紧回到座位继续上课，而该动作按要求本应在倒计时第7~10分钟内完成。综上，老师未按质检标准要求在课间休息倒计时第7~10分钟内切换A摄，并召回学员与学员进行互动，出现迟到行为。
A25: 6 | B25: 章雨濛 | C25: 肥肥噗 | D25: P0004343 | E25: 教学中心 | F25: 教学二区 | G25: 美术老师 | H25: 46086 | I25: 造假行为 | J25: B（12个月内第2次B，上次B类2025年11月） | K25: 2026年4月 | L25: 当月绩效评级不变，扣除提成奖金500元/次，并记过一次。 员工在12个月内记过达两次，转出4个班级，且3个月内禁排新班，不可上体验课 | M25: 500 | N25: 金暖 | O25: 群服务造假 在质检群服务相关数据时，老师出现群服务内容与实际不符的情况（学员缺席3月4号的首课，老师却在3月5号发送了首课【表现】的上课反馈）。
A26: 7 | B26: 杨琪 | C26: color | D26: H0024230 | E26: 教学中心 | F26: 教学三区 | G26: 美术老师 | H26: 46088 | I26: 早退 | J26: C | K26: 2026年4月 | L26: 首次违规警告一次。 | M26: 0 | N26: 教务 | O26: 2026/3/7 8:00:00 专题课,强化课 原老师09:05:28提前退出课室，组长：老师该节课为单人强化课堂，孩子在课间休息时间已经把所有步骤提前完成。下半节课老师按照孩子绘画进度，另行教导孩子进行进阶绘画调整，完善画面效果，途中多次引导孩子增加细节和画面，后离课程结束还有3分钟，孩子已有不耐烦情绪，且孩子已完整超标的完成画作，故老师让孩子提早2-3分钟下课。已提醒老师后续不要提前退出课堂。以下是课程视频链接和时间段说明：缦缦：情况属实，但位影响学员体验，故C级惩戒
A27: 8 | B27: 聂柳平 | C27: 椒糖 | D27: P0004541 | E27: 教学中心 | F27: 教学三区 | G27: 美术老师 | H27: 46109 | I27: 课前联系不上 | J27: B | K27: 2026年4月 | L27: 当月绩效评级不变，扣除提成奖金500元/次，并记过一次。 | M27: 500 | N27: 教务 | O27: 2026/3/28 14:00:00 专题课原老师课前联系不上，启用值班；组长：椒糖老师忘记查看课表，遗忘专题课；缦缦老师：情况属实确认B级

Sheet 退费学员明细
A1: 申请退费ID | B1: 退费归属老师ID | C1: 退费归属老师艺名 | D1: 退费归属老师学区 | E1: 退费归属老师团队 | F1: 退费归属老师小组 | G1: 标识时间 | H1: 学员ID | I1: 学员姓名 | J1: 是否新生退费 | K1: 地区 | L1: 出生日期 | M1: 申请退费时间 | N1: 退费申请人ID | O1: 退费申请人姓名 | P1: 退费申请人岗位 | Q1: 退费类型 | R1: 挽单结果 | S1: 处理方式 | T1: 退款状态 | U1: 退款进度 | V1: 最后处理时间/退款成功时间 | W1: 退款原因 | X1: 一级退款原因 | Y1: 二级退款原因 | Z1: 申请退款金额 | AA1: 退费前累计消课数 | AB1: 退费周期生命周期分类 | AC1: 是否未分班退费 | AD1: 退费周期课包分类 | AE1: 大V渠道 | AF1: 学员数 | AG1: 免检
A2: 69829 | B2: 51061 | C2: 阿花 | D2: 教学一区 | E2: 福气满满团队 | F2: 多财多亿组 | G2: 46082.333 | H2: 4478063 | I2: 雨宸 | J2: 否 | K2: 国内 | L2: 43374 | M2: 46103.832 | N2: 68613 | O2: 刘佳彤 | P2: 班主任 | Q2: 续费 | R2: 申请退费 | S2: 申请退费 | T2: 退款成功 | U2: 已退款 | V2: 46111.474 | W2: 首挽人：乔蒂老师 用户申请退费时间：2026年3月22日 挽单方式： 退费金额： 退费原因：没时间上，也不认可停课, | X2: 学员原因 | Y2: 身体健康问题（视力/身体等） | Z2: 6385 | AA2: 17 | AB2: 12节后退费 | AD2: 续费_未开课退费 | AE2: 鱼sir | AF2: =COUNTIFS(C:C,C2) -> 4 | AG2: =VLOOKUP(C2,'Q1续费排名（4月~7月免检）'!F:Q,12,0) -> 4月退费学员人数大于等于3，取消5月免检
A3: 70131 | B3: 51061 | C3: 阿花 | D3: 教学一区 | E3: 福气满满团队 | F3: 多财多亿组 | G3: 46127.826 | H3: 4510830 | I3: 小团子 | J3: 是 | K3: 国内 | L3: 44256 | M3: 46128.558 | N3: 74418 | O3: 沈雪 | P3: 班主任 | Q3: 首报 | R3: 申请退费 | S3: 申请退费 | T3: 退款成功 | U3: 已退款 | V3: 46132.419 | W3: 挽单失败，孩子不适应当下的学习模式,家长想要去线下，不适应线上 | X3: 学员原因 | Y3: 身体健康问题（视力/身体等） | Z3: 5188 | AA3: 2 | AB3: 1-4节退费 | AD3: 新签_4节课内退费 | AF3: =COUNTIFS(C:C,C3) -> 4 | AG3: =VLOOKUP(C3,'Q1续费排名（4月~7月免检）'!F:Q,12,0) -> 4月退费学员人数大于等于3，取消5月免检
A4: 69907 | B4: 51061 | C4: 阿花 | D4: 教学一区 | E4: 福气满满团队 | F4: 多财多亿组 | G4: 45976.389 | H4: 3915609 | I4: 元宝 | J4: 否 | K4: 国内 | L4: 42887 | M4: 46109.559 | N4: 76339 | O4: 李嘉涛 | P4: 班主任 | Q4: 续费 | R4: 申请退费 | S4: 申请退费 | T4: 退款成功 | U4: 已退款 | V4: 46119 | W4: 二次挽单失败 已核对金额,爸爸不同意继续学画画，卷孩子奥数，因为学画画的问题夫妻还吵架吵得很凶，孩子自己也觉得太累了 | X4: 学员原因,家长原因 | Y4: 时间问题 | Z4: 2837.34 | AA4: 170 | AB4: 12节后退费 | AD4: 续费_已开课退费 | AF4: =COUNTIFS(C:C,C4) -> 4 | AG4: =VLOOKUP(C4,'Q1续费排名（4月~7月免检）'!F:Q,12,0) -> 4月退费学员人数大于等于3，取消5月免检
A5: 69903 | B5: 51061 | C5: 阿花 | D5: 教学一区 | E5: 福气满满团队 | F5: 多财多亿组 | G5: 46084.694 | H5: 4370111 | I5: 瑶瑶 | J5: 否 | K5: 海外 | L5: 43070 | M5: 46109.396 | N5: 63943 | O5: 李新鹏 | P5: 班主任 | Q5: 首报 | R5: 申请退费 | S5: 申请退费 | T5: 退款成功 | U5: 已退款 | V5: 46114.472 | W5: , | X5: 学员原因 | Y5: 时间问题 | Z5: 5405.76 | AA5: 15 | AB5: 12节后退费 | AD5: 新签_4节课外退费 | AF5: =COUNTIFS(C:C,C5) -> 4 | AG5: =VLOOKUP(C5,'Q1续费排名（4月~7月免检）'!F:Q,12,0) -> 4月退费学员人数大于等于3，取消5月免检
A6: 69833 | B6: 6369 | C6: 阿颜 | D6: 教学三区 | E6: 朝气蓬勃团队 | F6: 喜笑颜开组 | G6: 46096.694 | H6: 4432300 | I6: 美宝 | J6: 否 | K6: 国内 | L6: 42763 | M6: 46105.616 | N6: 74261 | O6: 邓洁莹 | P6: 班主任 | Q6: 续费 | R6: 申请退费 | S6: 申请退费 | T6: 退款成功 | U6: 已退款 | V6: 46113.656 | W6: , | X6: 学员原因,家长原因 | Y6: 其他 | Z6: 6600 | AA6: 43 | AB6: 12节后退费 | AD6: 续费_未开课退费 | AF6: =COUNTIFS(C:C,C6) -> 1 | AG6: =VLOOKUP(C6,'Q1续费排名（4月~7月免检）'!F:Q,12,0) -> 5月免检
A7: 69726 | B7: 50526 | C7: 查查 | D7: 教学三区 | E7: 朝气蓬勃团队 | F7: 生生不息组 | G7: 46092.694 | H7: 2770112 | I7: IVY | J7: 否 | K7: 海外 | L7: 43952 | M7: 46093.359 | N7: 61358 | O7: 梁雨晴 | P7: 班主任 | Q7: 续费 | R7: 申请退费 | S7: 申请退费 | T7: 退款成功 | U7: 已退款 | V7: 46104.629 | W7: 课程时间不合适，没时间上课·····, | X7: 学员原因,家长原因 | Y7: 兴趣问题,无法陪同 | Z7: 2631.6 | AA7: 49 | AB7: 12节后退费 | AD7: 续费_已开课退费 | AF7: =COUNTIFS(C:C,C7) -> 1 | AG7: =VLOOKUP(C7,'Q1续费排名（4月~7月免检）'!F:Q,12,0) -> 5月免检
A8: 69775 | B8: 3182 | C8: 朝朝 | D8: 教学三区 | E8: 朝气蓬勃团队 | F8: - | G8: 46087.694 | H8: 4500179 | I8: 周子荷 | J8: 是 | K8: 国内 | L8: 42406 | M8: 46098.552 | N8: 75475 | O8: 罗梦林 | P8: 班主任 | Q8: 首报 | R8: 申请退费 | S8: 申请退费 | T8: 退款成功 | U8: 已退款 | V8: 46104 | W8: 孩子周末一直有上线下的素描课，时间来不及，觉得没必要加课，申请退费, | X8: 学员原因 | Y8: 兴趣问题,时间问题 | Z8: 4888 | AA8: 2 | AB8: 1-4节退费 | AD8: 新签_4节课内退费 | AF8: =COUNTIFS(C:C,C8) -> 1 | AG8: =VLOOKUP(C8,'Q1续费排名（4月~7月免检）'!F:Q,12,0) -> 5月免检
A9: 69900 | B9: 21563 | C9: 豆米 | D9: 教学三区 | E9: 朝气蓬勃团队 | F9: 喜笑颜开组 | G9: 46102.583 | H9: 4502867 | I9: 多布杰 | J9: 是 | K9: 国内 | L9: 43132 | M9: 46108.905 | N9: 71828 | O9: 张天齐 | P9: 班主任 | Q9: 首报 | R9: 申请退费 | S9: 申请退费 | T9: 退款成功 | U9: 已退款 | V9: 46114.624 | W9: 二次挽单失败 已核对金额,家长不喜欢我们的课程，孩子自己喜欢，申请退款 | X9: 学员原因,家长原因 | Y9: 家长理念 | Z9: 4748 | AA9: 2 | AB9: 1-4节退费 | AD9: 新签_4节课内退费 | AF9: =COUNTIFS(C:C,C9) -> 1 | AG9: =VLOOKUP(C9,'Q1续费排名（4月~7月免检）'!F:Q,12,0) -> 5月免检
A10: 69853 | B10: 26700 | C10: 姜汁 | D10: 教学一区 | E10: 福气满满团队 | F10: 多财多亿组 | G10: 46103.771 | H10: 4501492 | I10: 霄霄 | J10: 是 | K10: 国内 | L10: 43405 | M10: 46106.551 | N10: 75272 | O10: 刘日晴 | P10: 班主任 | Q10: 首报 | R10: 申请退费 | S10: 申请退费 | T10: 退款成功 | U10: 已退款 | V10: 46106.727 | W10: ,孩子不喜欢不想上了要求退费 | X10: 学员原因,家长原因 | Y10: 其他 | Z10: 4399.2 | AA10: 4 | AB10: 1-4节退费 | AD10: 新签_4节课内退费 | AF10: =COUNTIFS(C:C,C10) -> 1 | AG10: =VLOOKUP(C10,'Q1续费排名（4月~7月免检）'!F:Q,12,0) -> 5月免检
A11: 70057 | B11: 21949 | C11: 九三 | D11: 教学一区 | E11: 节节高升团队 | F11: B组 | G11: 46114.278 | H11: 4487990 | I11: Henry | J11: 是 | K11: 海外 | L11: 44197 | M11: 46120.82 | N11: 68988 | O11: 焦鹏飞 | P11: 储备销售主管 | Q11: 首报 | R11: 申请退费 | S11: 申请退费 | T11: 退款成功 | U11: 已退款 | V11: 46121.586 | W11: , | X11: 学员原因 | Y11: 兴趣问题 | Z11: 5408 | AA11: 3 | AB11: 1-4节退费 | AD11: 新签_4节课内退费 | AF11: =COUNTIFS(C:C,C11) -> 1 | AG11: =VLOOKUP(C11,'Q1续费排名（4月~7月免检）'!F:Q,12,0) -> 5月免检
A12: 70039 | B12: 62362 | C12: 洛一 | D12: 教学二区 | E12: MVP团队 | F12: 熠熠生辉组 | G12: 46103.993 | H12: 4478993 | I12: Kendall | J12: 否 | K12: 海外 | L12: 42917 | M12: 46119.412 | N12: 69998 | O12: 孙浩桐 | P12: 班主任 | Q12: 续费 | R12: 申请退费 | S12: 申请退费 | T12: 退款成功 | U12: 已退款 | V12: 46119.576 | W12: , | X12: 学员原因 | Y12: 兴趣问题 | Z12: 4466 | AA12: 22 | AB12: 12节后退费 | AD12: 续费_未开课退费 | AF12: =COUNTIFS(C:C,C12) -> 1 | AG12: =VLOOKUP(C12,'Q1续费排名（4月~7月免检）'!F:Q,12,0) -> 5月免检
A13: 69759 | B13: 6249 | C13: 梦珞 | D13: 教学三区 | E13: 朝气蓬勃团队 | F13: 日星月异组 | G13: 46084.771 | H13: 4500146 | I13: 小土豆 | J13: 是 | K13: 海外 | L13: 44357 | M13: 46096.53 | N13: 68747 | O13: 陈伟霞 | P13: 班主任 | Q13: 首报 | R13: 申请退费 | S13: 申请退费 | T13: 退款成功 | U13: 已退款 | V13: 46104 | W13: 憨爸 无扣费,孩子不喜欢，平时上课坐不住，上课期间有好几次中途说不想画了，课堂上多次拒绝老师的指导 | X13: 学员原因,家长原因 | Y13: 家长理念 | Z13: 4888 | AA13: 2 | AB13: 1-4节退费 | AD13: 新签_4节课内退费 | AF13: =COUNTIFS(C:C,C13) -> 1 | AG13: =VLOOKUP(C13,'Q1续费排名（4月~7月免检）'!F:Q,12,0) -> 5月免检
A14: 69884 | B14: 25708 | C14: 魔仙 | D14: 教学一区 | E14: 风雨同粥团队 | F14: 同心协力组 | G14: 45485.826 | H14: 174624 | I14: 君君 | J14: 否 | K14: 国内 | L14: 40848 | M14: 46107.708 | N14: 69068 | O14: 鄞炫 | P14: 班主任 | Q14: 续费 | R14: 申请退费 | S14: 申请退费 | T14: 退款成功 | U14: 已退款 | V14: 46119 | W14: 孩子现在没时间上课，停课很久了，家长要求退费，挽单失败,孩子没时间上课，停课很久了，家长要求退费，挽单失败 | X14: 学员原因 | Y14: 时间问题 | Z14: 2379.6 | AA14: 316 | AB14: 12节后退费 | AD14: 续费_已开课退费 | AF14: =COUNTIFS(C:C,C14) -> 1 | AG14: =VLOOKUP(C14,'Q1续费排名（4月~7月免检）'!F:Q,12,0) -> 5月免检
A15: 69761 | B15: 23225 | C15: 茱恩 | D15: 教学一区 | E15: 福气满满团队 | F15: 途遥心迩组 | G15: 45885.826 | H15: 227905 | I15: 豪仔 | J15: 否 | K15: 国内 | L15: 41019 | M15: 46096.603 | N15: 69833 | O15: 冯如蓝 | P15: 班主任 | Q15: 续费 | R15: 申请退费 | S15: 申请退费 | T15: 退款成功 | U15: 已退款 | V15: 46104 | W15: 家长去年就提出孩子时间紧张，明确随着年龄增长不再学习，拒绝停课方案，明确进行退费,孩子现在已经上到初中了，时间实在紧张，家长拒绝停课方案，强烈要求进行退费 | X15: 学员原因 | Y15: 时间问题 | Z15: 4415.48 | AA15: 530 | AB15: 12节后退费 | AD15: 续费_未开课退费 | AF15: =COUNTIFS(C:C,C15) -> 1 | AG15: =VLOOKUP(C15,'Q1续费排名（4月~7月免检）'!F:Q,12,0) -> 5月免检

Sheet 高危投诉成立（4月无）
A1: 直播房间学生预约ID | B1: 提交时间 | C1: 学员ID | D1: 学员姓名 | E1: 学员一级地区 | F1: 学员二级地区 | G1: 学员三级地区 | H1: 课程类型 | I1: 课程时间 | J1: 课程名称 | K1: 课程阶段 | L1: 老师ID | M1: 老师艺名 | N1: 老师姓名 | O1: 老师学区 | P1: 老师团队 | Q1: 老师小组 | R1: 被投诉 对象上级 | S1: 教师总评 | T1: 课程总评 | U1: 对老师的建议 | V1: 对课程的建议 | W1: 是否新生前12节 | X1: 被投诉对象 上级跟进说明 | Y1: 被投诉对象 上级判责 | Z1: 质检审核 | AA1: 教学团队上级 跟进说明 | AB1: 教学团队 上级判责 | AC1: 最终判责结果 | AD1: 质检复核详情 | AE1: 投诉成立类型 | AF1: 是否及时按流程跟进 | AG1: check
AG2: =VLOOKUP(M2,'Q1续费排名（4月~7月免检）'!F:P,11,0) -> #N/A
AG3: =VLOOKUP(M3,'Q1续费排名（4月~7月免检）'!F:P,11,0) -> #N/A
AG4: =VLOOKUP(M4,'Q1续费排名（4月~7月免检）'!F:P,11,0) -> #N/A
AG5: =VLOOKUP(M5,'Q1续费排名（4月~7月免检）'!F:P,11,0) -> #N/A
AG6: =VLOOKUP(M6,'Q1续费排名（4月~7月免检）'!F:P,11,0) -> #N/A
AG7: =VLOOKUP(M7,'Q1续费排名（4月~7月免检）'!F:P,11,0) -> #N/A
AG8: =VLOOKUP(M8,'Q1续费排名（4月~7月免检）'!F:P,11,0) -> #N/A
AG9: =VLOOKUP(M9,'Q1续费排名（4月~7月免检）'!F:P,11,0) -> #N/A
AG10: =VLOOKUP(M10,'Q1续费排名（4月~7月免检）'!F:P,11,0) -> #N/A
AG11: =VLOOKUP(M11,'Q1续费排名（4月~7月免检）'!F:P,11,0) -> #N/A
AG12: =VLOOKUP(M12,'Q1续费排名（4月~7月免检）'!F:P,11,0) -> #N/A

Sheet 授课老师请假记录（截至2025.10.21）
A1: 老师ID | B1: 工号 | C1: 老师真名 | D1: 老师艺名 | E1: 当前岗位 | F1: 学区 | G1: 请假类型 | H1: 请假开始时间 | I1: 请假结束时间 | J1: 请假时长 | K1: 审批结果 | L1: 发起审批时间
A2: 4418 | B2: H0003983 | C2: 孙雨铮 | D2: 小鱼干 | E2: 美术老师 | F2: 教学三区 | G2: 产假 | H2: 45882 | I2: 45962 | J2: 1919 | K2: 同意 | L2: 45876.32
A3: 62437 | B3: H0019640 | C3: 莫敏清 | D3: 哪吒老师 | E3: 美术老师 | F3: 教学三区 | G3: 产假 | H3: 45795 | I3: 45973 | J3: 4271 | K3: 同意 | L3: 45793.911
A4: 4100 | B4: H0120407 | C4: 张颖 | D4: 啊呜 | E4: 教学主管 | F4: 教学二区 | G4: 产假 | H4: 45879 | I4: 45977 | J4: 2351 | K4: 同意 | L4: 45879.592
A5: 13199 | B5: H0010399 | C5: 许敏丽 | D5: 岩盐 | E5: 美术老师 | F5: 教学二区 | G5: 产假 | H5: 45787 | I5: 45980 | J5: 4631 | K5: 同意 | L5: 45795.567
A6: 4100 | B6: H0120407 | C6: 张颖 | D6: 啊呜 | E6: 教学主管 | F6: 教学二区 | G6: 产假 | H6: 45882 | I6: 45980 | J6: 2351 | K6: 同意 | L6: 45876.839
A7: 21224 | B7: H0011360 | C7: 王文 | D7: 小闻 | E7: 美术老师 | F7: 教学一区 | G7: 产假 | H7: 45882 | I7: 45980 | J7: 2351 | K7: 同意 | L7: 45882.545
A8: 15379 | B8: H0010532 | C8: 吴妙盈 | D8: 盈盈老师 | E8: 教学组长 | F8: DEMO特战队 | G8: 产假 | H8: 45903 | I8: 45983 | J8: 1919 | K8: 同意 | L8: 45891.686
A9: 20324 | B9: H0010846 | C9: 张兰芬 | D9: 可艾 | E9: 美术老师 | F9: 教学二区 | G9: 产假 | H9: 45904 | I9: 45984 | J9: 1919 | K9: 同意 | L9: 45889.941
A10: 69304 | B10: H0022360 | C10: 梁凯君 | D10: 莙莙 | E10: 美术老师 | F10: 教学一区 | G10: 产假 | H10: 45881 | I10: 45991 | J10: 2639 | K10: 同意 | L10: 45869.596
A11: 5388 | B11: H0005034 | C11: 梁丽香 | D11: 阿星 | E11: 美术老师 | F11: 教学二区 | G11: 产假 | H11: 45924 | I11: 46004 | J11: 1919 | K11: 同意 | L11: 45916.597
A12: 21579 | B12: H0011606 | C12: 王薇 | D12: 月夕 | E12: 美术老师 | F12: 教学三区 | G12: 产假 | H12: 45937 | I12: 46012 | J12: 1799 | K12: 同意 | L12: 45846.768
A13: 13150 | B13: H0010394 | C13: 袁南婷 | D13: milk | E13: 美术老师 | F13: 教学一区 | G13: 产假 | H13: 45918 | I13: 46016 | J13: 2351 | K13: 同意 | L13: 45915.734
... A54: 13212 | B54: H0010402 | C54: 黄嫒 | D54: 小AI | E54: 美术老师 | F54: 教学三区 | G54: 产假 | H54: 46148 | I54: 46258 | J54: 2639 | K54: 同意 | L54: 46076.918

Sheet 老师维度结课续费率
A1: 架构分类 | B1: 老师学区 | C1: 老师团队 | D1: 老师小组 | E1: 归属老师ID | F1: 归属老师艺名 | G1: 入职时间 | H1: 离职时间 | I1: 结课学员数 | J1: 续费学员数 | K1: 结课续费率 | L1: 国内结课学员数 | M1: 国内续费学员数 | N1: 国内结课续费率 | O1: 海外结课学员数 | P1: 海外续费学员数 | Q1: 海外结课续费率
A2: 历史学区 | B2: C区 | C2: 节节高升团队 | D2: 无往不利组 | E2: 21291 | F2: 七七老师 | G2: 44743 | I2: 5 | J2: 2 | K2: 0.4 | L2: 2 | M2: 0 | N2: 0 | O2: 3 | P2: 2 | Q2: 0.4 | R2: =B2 -> C区
A3: 历史学区 | B3: C区 | C3: 节节高升团队 | D3: 无往不利组 | E3: 53963 | F3: Lena | G3: 44509 | I3: 1 | J3: 0 | K3: 0 | L3: 0 | M3: 0 | N3: 0 | O3: 1 | P3: 0 | Q3: 0 | R3: =B3 -> C区
A4: 历史学区 | B4: C区 | C4: 节节高升团队 | D4: 无往不利组 | E4: 57652 | F4: 粉蒸肉 | G4: 44572 | I4: 14 | J4: 3 | K4: 0.21428571 | L4: 9 | M4: 2 | N4: 0.14285714 | O4: 5 | P4: 1 | Q4: 0.071428571 | R4: =B4 -> C区
A5: 历史学区 | B5: C区 | C5: 节节高升团队 | D5: 无往不利组 | E5: 57943 | F5: 缘子 | G5: 44607 | I5: 6 | J5: 4 | K5: 0.66666667 | L5: 3 | M5: 2 | N5: 0.33333333 | O5: 3 | P5: 2 | Q5: 0.33333333 | R5: =B5 -> C区
A6: 历史学区 | B6: C区 | C6: 节节高升团队 | D6: 无往不利组 | E6: 54247 | F6: 米粒儿 | G6: 44544 | I6: 8 | J6: 1 | K6: 0.125 | L6: 4 | M6: 0 | N6: 0 | O6: 4 | P6: 1 | Q6: 0.125 | R6: =B6 -> C区
A7: 历史学区 | B7: C区 | C7: 节节高升团队 | D7: 无往不利组 | E7: 74312 | F7: Crystal | G7: 45784 | I7: 15 | J7: 6 | K7: 0.4 | L7: 2 | M7: 1 | N7: 0.066666667 | O7: 13 | P7: 5 | Q7: 0.33333333 | R7: =B7 -> C区
A8: 历史学区 | B8: C区 | C8: 节节高升团队 | D8: 无往不利组 | E8: 50750 | F8: 一羊 | G8: 44621 | I8: 12 | J8: 7 | K8: 0.58333333 | L8: 9 | M8: 6 | N8: 0.5 | O8: 3 | P8: 1 | Q8: 0.083333333 | R8: =B8 -> C区
A9: 历史学区 | B9: C区 | C9: 节节高升团队 | D9: 无往不利组 | E9: 5833 | F9: 小不点 | G9: 45980 | I9: 7 | J9: 2 | K9: 0.28571429 | L9: 1 | M9: 1 | N9: 0.14285714 | O9: 6 | P9: 1 | Q9: 0.14285714 | R9: =B9 -> C区
A10: 历史学区 | B10: C区 | C10: 节节高升团队 | D10: 无往不利组 | E10: 54211 | F10: 小怪兽 | G10: 44544 | I10: 19 | J10: 6 | K10: 0.31578947 | L10: 11 | M10: 2 | N10: 0.10526316 | O10: 8 | P10: 4 | Q10: 0.21052632 | R10: =B10 -> C区
A11: 历史学区 | B11: C区 | C11: 节节高升团队 | D11: 无往不利组 | E11: 54599 | F11: Jassie | G11: 44551 | I11: 1 | J11: 1 | K11: 1 | L11: 1 | M11: 1 | N11: 1 | O11: 0 | P11: 0 | Q11: 0 | R11: =B11 -> C区
A12: 历史学区 | B12: C区 | C12: 节节高升团队 | D12: 无往不利组 | E12: 60893 | F12: 依一老师 | G12: 44757 | I12: 4 | J12: 2 | K12: 0.5 | L12: 1 | M12: 0 | N12: 0 | O12: 3 | P12: 2 | Q12: 0.5 | R12: =B12 -> C区
A13: 历史学区 | B13: C区 | C13: 节节高升团队 | D13: 无往不利组 | E13: 54575 | F13: Dobby | G13: 44551 | I13: 15 | J13: 4 | K13: 0.26666667 | L13: 12 | M13: 4 | N13: 0.26666667 | O13: 3 | P13: 0 | Q13: 0 | R13: =B13 -> C区
... A342: 历史学区 | B342: 教学三区 | C342: 云卷云舒团队 | D342: - | E342: 20809 | F342: 夏天老师 | G342: 43964 | I342: 17 | J342: 5 | K342: 0.29411765 | L342: 13 | M342: 4 | N342: 0.23529412 | O342: 4 | P342: 1 | Q342: 0.058823529 | R342: =B342 -> 教学三区
